'Número da página,'Chave,'Valor,'Confidence Score % (Key),'Confidence Score % (Value)
"'1","'Guardanapos de papel","'NOT_SELECTED","'94.17545319","'40.28320313"
"'1","'Papel toalha","'NOT_SELECTED","'94.60742950","'50.19531250"
"'1","'Papel alumínio","'NOT_SELECTED","'94.91741943","'50.09765625"
"'1","'Sacos plásticos","'NOT_SELECTED","'94.92913055","'48.60839844"
"'1","'Papel filme","'NOT_SELECTED","'94.62722015","'48.12011719"
"'1","'Filtro pra café","'NOT_SELECTED","'94.86898804","'52.00195313"
"'1","'Varal para roupas","'NOT_SELECTED","'94.56651306","'51.56250000"
"'1","'Pregadores","'NOT_SELECTED","'94.33538818","'51.02539063"
"'1","'Lâmpadas","'NOT_SELECTED","'94.31251526","'51.07421875"
"'1","'Fósforos","'NOT_SELECTED","'94.28837585","'51.36718750"
"'1","'Velas","'NOT_SELECTED","'94.16550446","'54.24804688"
"'1","'Pilhas","'NOT_SELECTED","'94.07081604","'55.71289063"
"'1","'Inseticida","'NOT_SELECTED","'94.14538574","'55.56640625"
