'Número da página,'Layout,'Texto,'Reading Order,'Confidence score % (Layout)
'1,'Figure 1,"",'0,'77.19726563
'1,'Header 1,"'lista de",'1,'52.14843750
'1,'Header 2,"'PRIMEIRA COMPRA",'2,'44.65332031
'1,'Title 1,"'UTILIDADES",'3,'46.09375000
'1,'Text 1,"'ITENS I MPORTANTE S",'4,'32.98339844
'1,'Text 2,"'Guardanapos de papel",'5,'45.33691406
'1,'Text 3,"'Papel toalha",'6,'78.12500000
'1,'Text 4,"'Papel alumínio",'7,'84.71679688
'1,'Text 5,"'Sacos plásticos",'8,'90.38085938
'1,'Text 6,"'Papel filme",'9,'89.16015625
'1,'Text 7,"'Filtro pra café",'10,'91.60156250
'1,'Text 8,"'Varal para roupas",'11,'91.30859375
'1,'Text 9,"'Pregadores",'12,'89.59960938
'1,'Text 10,"'Lâmpadas",'13,'91.35742188
'1,'Text 11,"'Fósforos",'14,'90.86914063
'1,'Text 12,"'Velas",'15,'93.11523438
'1,'Text 13,"'Pilhas",'16,'93.75000000
'1,'Text 14,"'Inseticida",'17,'90.77148438
'1,'Figure 2,"",'18,'48.24218750
'1,'Figure 3,"",'19,'79.73632813
